<?xml version="1.0" encoding="UTF-8"?>
<project-private xmlns="http://www.netbeans.org/ns/project-private/1">
    <editor-bookmarks xmlns="http://www.netbeans.org/ns/editor-bookmarks/1"/>
    <open-files xmlns="http://www.netbeans.org/ns/projectui-open-files/1">
        <file>file:/C:/wamp/www/Kbon/src/Koutchoumi/FrontendBundle/Controller/MainController.php</file>
        <file>file:/C:/wamp/www/Kbon/src/Koutchoumi/FrontendBundle/Resources/views/index.html.twig</file>
        <file>file:/C:/wamp/www/Kbon/src/Koutchoumi/FrontendBundle/Resources/views/layout.html.twig</file>
    </open-files>
</project-private>
